 ,Label,Area,Mean,X,Y
1,DSC_0264.JPG,0,148,316.000,1144.000
2,DSC_0264.JPG,0,110,367.500,1239.500
3,DSC_0264.JPG,0,128,387.500,1151.500
4,DSC_0264.JPG,0,104,399.500,1239.500
5,DSC_0264.JPG,0,92,443.500,1187.500
6,DSC_0264.JPG,0,126,379.500,1119.500
7,DSC_0264.JPG,0,150,303.500,1143.500
8,DSC_0264.JPG,0,151,283.500,1231.500
9,DSC_0264.JPG,0,159,647.500,911.500
10,DSC_0264.JPG,0,116,759.500,851.500
11,DSC_0264.JPG,0,120,719.500,835.500
12,DSC_0264.JPG,0,119,763.500,911.500
13,DSC_0264.JPG,0,152,671.500,915.500
14,DSC_0264.JPG,0,164,631.500,871.500
15,DSC_0264.JPG,0,179,883.500,639.500
16,DSC_0264.JPG,0,194,1031.500,563.500
17,DSC_0264.JPG,0,188,1095.500,579.500
18,DSC_0264.JPG,0,191,1011.500,647.500
19,DSC_0264.JPG,0,186,963.500,587.500
20,DSC_0264.JPG,0,182,1227.500,831.500
21,DSC_0264.JPG,0,202,1311.500,963.500
22,DSC_0264.JPG,0,181,1323.500,875.500
23,DSC_0264.JPG,0,180,1263.500,811.500
24,DSC_0264.JPG,0,173,1383.500,815.500
25,DSC_0264.JPG,0,107,1535.500,607.500
26,DSC_0264.JPG,0,143,1691.500,611.500
27,DSC_0264.JPG,0,140,1631.500,539.500
28,DSC_0264.JPG,0,111,1555.500,627.500
29,DSC_0264.JPG,0,136,1663.500,639.500
30,DSC_0264.JPG,0,164,1883.500,799.500
31,DSC_0264.JPG,0,96,1859.500,971.500
32,DSC_0264.JPG,0,96,1983.500,955.500
33,DSC_0264.JPG,0,152,1963.500,835.500
34,DSC_0264.JPG,0,135,1871.500,895.500
35,DSC_0264.JPG,0,94,2111.500,571.500
36,DSC_0264.JPG,0,124,2183.500,559.500
37,DSC_0264.JPG,0,87,2203.500,507.500
38,DSC_0264.JPG,0,125,2279.500,575.500
39,DSC_0264.JPG,0,160,2267.500,639.500
40,DSC_0264.JPG,0,198,2167.500,1123.500
41,DSC_0264.JPG,0,200,2263.500,1207.500
42,DSC_0264.JPG,0,190,2335.500,1175.500
43,DSC_0264.JPG,0,198,2219.500,1127.500
44,DSC_0264.JPG,0,197,2163.500,1203.500
45,DSC_0264.JPG,0,153,2459.500,895.500
46,DSC_0264.JPG,0,140,2535.500,967.500
47,DSC_0264.JPG,0,164,2555.500,875.500
48,DSC_0264.JPG,0,176,2503.500,843.500
49,DSC_0264.JPG,0,169,2503.500,863.500
50,DSC_0264.JPG,0,166,2759.500,663.500
51,DSC_0264.JPG,0,178,2839.500,563.500
52,DSC_0264.JPG,0,189,2807.500,527.500
53,DSC_0264.JPG,0,179,2715.500,571.500
54,DSC_0264.JPG,0,167,2875.500,615.500
55,DSC_0264.JPG,0,159,3127.500,835.500
56,DSC_0264.JPG,0,166,3107.500,911.500
57,DSC_0264.JPG,0,181,3159.500,923.500
58,DSC_0264.JPG,0,158,3115.500,823.500
59,DSC_0264.JPG,0,143,3055.500,799.500
60,DSC_0264.JPG,0,193,2907.500,1123.500
61,DSC_0264.JPG,0,180,2919.500,1255.500
62,DSC_0264.JPG,0,197,2827.500,1283.500
63,DSC_0264.JPG,0,157,2747.500,1163.500
64,DSC_0264.JPG,0,173,2827.500,1099.500
65,DSC_0264.JPG,0,156,3131.500,1351.500
66,DSC_0264.JPG,0,187,3207.500,1447.500
67,DSC_0264.JPG,0,187,3187.500,1511.500
68,DSC_0264.JPG,0,162,3071.500,1479.500
69,DSC_0264.JPG,0,161,3079.500,1423.500
70,DSC_0264.JPG,0,175,2879.500,1719.500
71,DSC_0264.JPG,0,168,2783.500,1779.500
72,DSC_0264.JPG,0,168,2779.500,1847.500
73,DSC_0264.JPG,0,176,2919.500,1803.500
74,DSC_0264.JPG,0,184,2859.500,1791.500
75,DSC_0264.JPG,0,193,2583.500,1499.500
76,DSC_0264.JPG,0,187,2535.500,1451.500
77,DSC_0264.JPG,0,173,2499.500,1527.500
78,DSC_0264.JPG,0,183,2479.500,1467.500
79,DSC_0264.JPG,0,181,2607.500,1451.500
80,DSC_0264.JPG,0,208,1963.500,1591.500
81,DSC_0264.JPG,0,205,1895.500,1491.500
82,DSC_0264.JPG,0,170,1847.500,1407.500
83,DSC_0264.JPG,0,181,1979.500,1467.500
84,DSC_0264.JPG,0,184,2035.500,1555.500
85,DSC_0264.JPG,0,148,1311.500,1611.500
86,DSC_0264.JPG,0,173,1375.500,1519.500
87,DSC_0264.JPG,0,174,1355.500,1419.500
88,DSC_0264.JPG,0,162,1243.500,1451.500
89,DSC_0264.JPG,0,128,1179.500,1599.500
90,DSC_0264.JPG,0,133,1027.500,1291.500
91,DSC_0264.JPG,0,121,907.500,1219.500
92,DSC_0264.JPG,0,100,987.500,1179.500
93,DSC_0264.JPG,0,103,1095.500,1227.500
94,DSC_0264.JPG,0,94,1063.500,1179.500
95,DSC_0264.JPG,0,176,547.500,1467.500
96,DSC_0264.JPG,0,185,627.500,1543.500
97,DSC_0264.JPG,0,188,771.500,1535.500
98,DSC_0264.JPG,0,183,683.500,1435.500
99,DSC_0264.JPG,0,175,643.500,1411.500
100,DSC_0264.JPG,0,158,1231.500,1959.500
101,DSC_0264.JPG,0,181,1247.500,2123.500
102,DSC_0264.JPG,0,176,1295.500,2239.500
103,DSC_0264.JPG,0,172,1299.500,2075.500
104,DSC_0264.JPG,0,183,1219.500,2127.500
105,DSC_0264.JPG,0,169,1419.500,2187.500
106,DSC_0264.JPG,0,165,1583.500,1895.500
107,DSC_0264.JPG,0,153,1719.500,1819.500
108,DSC_0264.JPG,0,101,1671.500,1679.500
109,DSC_0264.JPG,0,125,1567.500,1751.500
110,DSC_0264.JPG,0,175,1659.500,1819.500
111,DSC_0264.JPG,0,199,647.500,2035.500
112,DSC_0264.JPG,0,210,639.500,2143.500
113,DSC_0264.JPG,0,197,727.500,2147.500
114,DSC_0264.JPG,0,195,727.500,2063.500
115,DSC_0264.JPG,0,158,803.500,2179.500
116,DSC_0264.JPG,0,143,959.500,2399.500
117,DSC_0264.JPG,0,140,1039.500,2387.500
118,DSC_0264.JPG,0,131,1003.500,2351.500
119,DSC_0264.JPG,0,158,1043.500,2459.500
120,DSC_0264.JPG,0,153,1003.500,2463.500
121,DSC_0264.JPG,0,188,1199.500,2751.500
122,DSC_0264.JPG,0,194,1251.500,2683.500
123,DSC_0264.JPG,0,199,1339.500,2639.500
124,DSC_0264.JPG,0,200,1339.500,2767.500
125,DSC_0264.JPG,0,190,1467.500,2739.500
126,DSC_0264.JPG,0,196,1875.500,2211.500
127,DSC_0264.JPG,0,178,1815.500,2127.500
128,DSC_0264.JPG,0,196,1883.500,2043.500
129,DSC_0264.JPG,0,201,1967.500,2011.500
130,DSC_0264.JPG,0,198,2011.500,2115.500
131,DSC_0264.JPG,0,194,1519.500,2363.500
132,DSC_0264.JPG,0,204,1599.500,2391.500
133,DSC_0264.JPG,0,191,1595.500,2311.500
134,DSC_0264.JPG,0,167,1631.500,2487.500
135,DSC_0264.JPG,0,174,1559.500,2455.500
136,DSC_0264.JPG,0,203,1699.500,2395.500
137,DSC_0264.JPG,0,177,2143.500,2403.500
138,DSC_0264.JPG,0,191,2223.500,2343.500
139,DSC_0264.JPG,0,200,2279.500,2427.500
140,DSC_0264.JPG,0,169,2263.500,2515.500
141,DSC_0264.JPG,0,198,2223.500,2415.500
142,DSC_0264.JPG,0,177,2431.500,2099.500
143,DSC_0264.JPG,0,170,2483.500,2031.500
144,DSC_0264.JPG,0,190,2511.500,2103.500
145,DSC_0264.JPG,0,175,2571.500,2195.500
146,DSC_0264.JPG,0,188,2595.500,2111.500
147,DSC_0264.JPG,0,168,2643.500,2071.500
148,DSC_0264.JPG,0,186,2835.500,2311.500
149,DSC_0264.JPG,0,194,2823.500,2387.500
150,DSC_0264.JPG,0,166,2827.500,2503.500
151,DSC_0264.JPG,0,185,2771.500,2419.500
152,DSC_0264.JPG,0,183,2931.500,2415.500
153,DSC_0264.JPG,0,167,3179.500,2027.500
154,DSC_0264.JPG,0,176,3159.500,2127.500
155,DSC_0264.JPG,0,150,3159.500,2199.500
156,DSC_0264.JPG,0,136,3087.500,2119.500
157,DSC_0264.JPG,0,175,3251.500,2091.500
158,DSC_0264.JPG,0,182,3051.500,2611.500
159,DSC_0264.JPG,0,213,3127.500,2723.500
160,DSC_0264.JPG,0,207,3211.500,2807.500
161,DSC_0264.JPG,0,210,3191.500,2671.500
162,DSC_0264.JPG,0,187,3063.500,2779.500
163,DSC_0264.JPG,0,199,2947.500,2923.500
164,DSC_0264.JPG,0,208,2851.500,2995.500
165,DSC_0264.JPG,0,199,2723.500,3063.500
166,DSC_0264.JPG,0,180,2747.500,2979.500
167,DSC_0264.JPG,0,207,2827.500,3099.500
168,DSC_0264.JPG,0,195,2979.500,3043.500
169,DSC_0264.JPG,0,207,2879.500,2975.500
170,DSC_0264.JPG,0,162,2823.500,2911.500
171,DSC_0264.JPG,0,72,2655.500,2911.500
172,DSC_0264.JPG,0,101,2547.500,2835.500
173,DSC_0264.JPG,0,139,2475.500,2747.500
174,DSC_0264.JPG,0,159,2491.500,2671.500
175,DSC_0264.JPG,0,146,2643.500,2675.500
176,DSC_0264.JPG,0,94,2715.500,2787.500
177,DSC_0264.JPG,0,111,2643.500,2767.500
178,DSC_0264.JPG,0,165,2235.500,2879.500
179,DSC_0264.JPG,0,168,2203.500,2987.500
180,DSC_0264.JPG,0,169,2227.500,3135.500
181,DSC_0264.JPG,0,193,2299.500,3003.500
182,DSC_0264.JPG,0,156,2183.500,3079.500
183,DSC_0264.JPG,0,168,2471.500,3323.500
184,DSC_0264.JPG,0,164,2555.500,3359.500
185,DSC_0264.JPG,0,156,2639.500,3375.500
186,DSC_0264.JPG,0,173,2583.500,3271.500
187,DSC_0264.JPG,0,139,2543.500,3431.500
188,DSC_0264.JPG,0,175,1895.500,2623.500
189,DSC_0264.JPG,0,199,1911.500,2747.500
190,DSC_0264.JPG,0,191,1955.500,2835.500
191,DSC_0264.JPG,0,191,1991.500,2703.500
192,DSC_0264.JPG,0,161,1827.500,2727.500
193,DSC_0264.JPG,0,111,1535.500,2883.500
194,DSC_0264.JPG,0,188,1607.500,3007.500
195,DSC_0264.JPG,0,192,1675.500,3115.500
196,DSC_0264.JPG,0,172,1703.500,2963.500
197,DSC_0264.JPG,0,174,1527.500,3059.500
198,DSC_0264.JPG,0,120,2003.500,3235.500
199,DSC_0264.JPG,0,180,1963.500,3307.500
200,DSC_0264.JPG,0,196,1915.500,3391.500
201,DSC_0264.JPG,0,174,1871.500,3303.500
202,DSC_0264.JPG,0,182,2023.500,3395.500
203,DSC_0264.JPG,0,187,1171.500,3255.500
204,DSC_0264.JPG,0,212,1279.500,3319.500
205,DSC_0264.JPG,0,207,1439.500,3375.500
206,DSC_0264.JPG,0,198,1363.500,3263.500
207,DSC_0264.JPG,0,208,1307.500,3419.500
208,DSC_0264.JPG,0,183,895.500,3127.500
209,DSC_0264.JPG,0,177,1011.500,3071.500
210,DSC_0264.JPG,0,141,1123.500,3063.500
211,DSC_0264.JPG,0,143,951.500,3003.500
212,DSC_0264.JPG,0,170,1023.500,3167.500
213,DSC_0264.JPG,0,99,651.500,2671.500
214,DSC_0264.JPG,0,147,707.500,2743.500
215,DSC_0264.JPG,0,184,759.500,2831.500
216,DSC_0264.JPG,0,152,783.500,2711.500
217,Red,0,181,635.500,2823.500
218,DSC_0264.JPG,0,29,316.000,1144.000
219,DSC_0264.JPG,0,21,367.500,1239.500
220,DSC_0264.JPG,0,23,387.500,1151.500
221,DSC_0264.JPG,0,23,399.500,1239.500
222,DSC_0264.JPG,0,16,443.500,1187.500
223,DSC_0264.JPG,0,21,379.500,1119.500
224,DSC_0264.JPG,0,30,303.500,1143.500
225,DSC_0264.JPG,0,45,283.500,1231.500
226,DSC_0264.JPG,0,64,647.500,911.500
227,DSC_0264.JPG,0,19,759.500,851.500
228,DSC_0264.JPG,0,17,719.500,835.500
229,DSC_0264.JPG,0,20,763.500,911.500
230,DSC_0264.JPG,0,39,671.500,915.500
231,DSC_0264.JPG,0,81,631.500,871.500
232,DSC_0264.JPG,0,106,883.500,639.500
233,DSC_0264.JPG,0,104,1031.500,563.500
234,DSC_0264.JPG,0,100,1095.500,579.500
235,DSC_0264.JPG,0,109,1011.500,647.500
236,DSC_0264.JPG,0,99,963.500,587.500
237,DSC_0264.JPG,0,97,1227.500,831.500
238,DSC_0264.JPG,0,129,1311.500,963.500
239,DSC_0264.JPG,0,96,1323.500,875.500
240,DSC_0264.JPG,0,87,1263.500,811.500
241,DSC_0264.JPG,0,70,1383.500,815.500
242,DSC_0264.JPG,0,17,1535.500,607.500
243,DSC_0264.JPG,0,28,1691.500,611.500
244,DSC_0264.JPG,0,30,1631.500,539.500
245,DSC_0264.JPG,0,16,1555.500,627.500
246,DSC_0264.JPG,0,26,1663.500,639.500
247,DSC_0264.JPG,0,47,1883.500,799.500
248,DSC_0264.JPG,0,11,1859.500,971.500
249,DSC_0264.JPG,0,12,1983.500,955.500
250,DSC_0264.JPG,0,39,1963.500,835.500
251,DSC_0264.JPG,0,27,1871.500,895.500
252,DSC_0264.JPG,0,14,2111.500,571.500
253,DSC_0264.JPG,0,32,2183.500,559.500
254,DSC_0264.JPG,0,15,2203.500,507.500
255,DSC_0264.JPG,0,20,2279.500,575.500
256,DSC_0264.JPG,0,41,2267.500,639.500
257,DSC_0264.JPG,0,157,2167.500,1123.500
258,DSC_0264.JPG,0,163,2263.500,1207.500
259,DSC_0264.JPG,0,143,2335.500,1175.500
260,DSC_0264.JPG,0,151,2219.500,1127.500
261,DSC_0264.JPG,0,156,2163.500,1203.500
262,DSC_0264.JPG,0,47,2459.500,895.500
263,DSC_0264.JPG,0,27,2535.500,967.500
264,DSC_0264.JPG,0,74,2555.500,875.500
265,DSC_0264.JPG,0,94,2503.500,843.500
266,DSC_0264.JPG,0,85,2503.500,863.500
267,DSC_0264.JPG,0,62,2759.500,663.500
268,DSC_0264.JPG,0,88,2839.500,563.500
269,DSC_0264.JPG,0,111,2807.500,527.500
270,DSC_0264.JPG,0,94,2715.500,571.500
271,DSC_0264.JPG,0,69,2875.500,615.500
272,DSC_0264.JPG,0,46,3127.500,835.500
273,DSC_0264.JPG,0,67,3107.500,911.500
274,DSC_0264.JPG,0,94,3159.500,923.500
275,DSC_0264.JPG,0,40,3115.500,823.500
276,DSC_0264.JPG,0,33,3055.500,799.500
277,DSC_0264.JPG,0,131,2907.500,1123.500
278,DSC_0264.JPG,0,142,2919.500,1255.500
279,DSC_0264.JPG,0,147,2827.500,1283.500
280,DSC_0264.JPG,0,39,2747.500,1163.500
281,DSC_0264.JPG,0,74,2827.500,1099.500
282,DSC_0264.JPG,0,59,3131.500,1351.500
283,DSC_0264.JPG,0,104,3207.500,1447.500
284,DSC_0264.JPG,0,98,3187.500,1511.500
285,DSC_0264.JPG,0,63,3071.500,1479.500
286,DSC_0264.JPG,0,62,3079.500,1423.500
287,DSC_0264.JPG,0,52,2879.500,1719.500
288,DSC_0264.JPG,0,46,2783.500,1779.500
289,DSC_0264.JPG,0,45,2779.500,1847.500
290,DSC_0264.JPG,0,63,2919.500,1803.500
291,DSC_0264.JPG,0,66,2859.500,1791.500
292,DSC_0264.JPG,0,166,2583.500,1499.500
293,DSC_0264.JPG,0,152,2535.500,1451.500
294,DSC_0264.JPG,0,98,2499.500,1527.500
295,DSC_0264.JPG,0,123,2479.500,1467.500
296,DSC_0264.JPG,0,156,2607.500,1451.500
297,DSC_0264.JPG,0,144,1963.500,1591.500
298,DSC_0264.JPG,0,153,1895.500,1491.500
299,DSC_0264.JPG,0,94,1847.500,1407.500
300,DSC_0264.JPG,0,96,1979.500,1467.500
301,DSC_0264.JPG,0,95,2035.500,1555.500
302,DSC_0264.JPG,0,31,1311.500,1611.500
303,DSC_0264.JPG,0,50,1375.500,1519.500
304,DSC_0264.JPG,0,44,1355.500,1419.500
305,DSC_0264.JPG,0,37,1243.500,1451.500
306,DSC_0264.JPG,0,20,1179.500,1599.500
307,DSC_0264.JPG,0,24,1027.500,1291.500
308,DSC_0264.JPG,0,21,907.500,1219.500
309,DSC_0264.JPG,0,18,987.500,1179.500
310,DSC_0264.JPG,0,21,1095.500,1227.500
311,DSC_0264.JPG,0,14,1063.500,1179.500
312,DSC_0264.JPG,0,53,547.500,1467.500
313,DSC_0264.JPG,0,87,627.500,1543.500
314,DSC_0264.JPG,0,65,771.500,1535.500
315,DSC_0264.JPG,0,78,683.500,1435.500
316,DSC_0264.JPG,0,70,643.500,1411.500
317,DSC_0264.JPG,0,70,1231.500,1959.500
318,DSC_0264.JPG,0,91,1247.500,2123.500
319,DSC_0264.JPG,0,89,1295.500,2239.500
320,DSC_0264.JPG,0,77,1299.500,2075.500
321,DSC_0264.JPG,0,97,1219.500,2127.500
322,DSC_0264.JPG,0,77,1419.500,2187.500
323,DSC_0264.JPG,0,67,1583.500,1895.500
324,DSC_0264.JPG,0,46,1719.500,1819.500
325,DSC_0264.JPG,0,16,1671.500,1679.500
326,DSC_0264.JPG,0,20,1567.500,1751.500
327,DSC_0264.JPG,0,66,1659.500,1819.500
328,DSC_0264.JPG,0,158,647.500,2035.500
329,DSC_0264.JPG,0,171,639.500,2143.500
330,DSC_0264.JPG,0,120,727.500,2147.500
331,DSC_0264.JPG,0,131,727.500,2063.500
332,DSC_0264.JPG,0,61,803.500,2179.500
333,DSC_0264.JPG,0,61,959.500,2399.500
334,DSC_0264.JPG,0,45,1039.500,2387.500
335,DSC_0264.JPG,0,58,1003.500,2351.500
336,DSC_0264.JPG,0,60,1043.500,2459.500
337,DSC_0264.JPG,0,57,1003.500,2463.500
338,DSC_0264.JPG,0,100,1199.500,2751.500
339,DSC_0264.JPG,0,112,1251.500,2683.500
340,DSC_0264.JPG,0,126,1339.500,2639.500
341,DSC_0264.JPG,0,123,1339.500,2767.500
342,DSC_0264.JPG,0,107,1467.500,2739.500
343,DSC_0264.JPG,0,159,1875.500,2211.500
344,DSC_0264.JPG,0,115,1815.500,2127.500
345,DSC_0264.JPG,0,124,1883.500,2043.500
346,DSC_0264.JPG,0,121,1967.500,2011.500
347,DSC_0264.JPG,0,141,2011.500,2115.500
348,DSC_0264.JPG,0,134,1519.500,2363.500
349,DSC_0264.JPG,0,148,1599.500,2391.500
350,DSC_0264.JPG,0,147,1595.500,2311.500
351,DSC_0264.JPG,0,70,1631.500,2487.500
352,DSC_0264.JPG,0,83,1559.500,2455.500
353,DSC_0264.JPG,0,146,1699.500,2395.500
354,DSC_0264.JPG,0,120,2143.500,2403.500
355,DSC_0264.JPG,0,144,2223.500,2343.500
356,DSC_0264.JPG,0,171,2279.500,2427.500
357,DSC_0264.JPG,0,136,2263.500,2515.500
358,DSC_0264.JPG,0,153,2223.500,2415.500
359,DSC_0264.JPG,0,134,2431.500,2099.500
360,DSC_0264.JPG,0,127,2483.500,2031.500
361,DSC_0264.JPG,0,164,2511.500,2103.500
362,DSC_0264.JPG,0,129,2571.500,2195.500
363,DSC_0264.JPG,0,171,2595.500,2111.500
364,DSC_0264.JPG,0,148,2643.500,2071.500
365,DSC_0264.JPG,0,110,2835.500,2311.500
366,DSC_0264.JPG,0,115,2823.500,2387.500
367,DSC_0264.JPG,0,80,2827.500,2503.500
368,DSC_0264.JPG,0,118,2771.500,2419.500
369,DSC_0264.JPG,0,115,2931.500,2415.500
370,DSC_0264.JPG,0,133,3179.500,2027.500
371,DSC_0264.JPG,0,114,3159.500,2127.500
372,DSC_0264.JPG,0,67,3159.500,2199.500
373,DSC_0264.JPG,0,39,3087.500,2119.500
374,DSC_0264.JPG,0,153,3251.500,2091.500
375,DSC_0264.JPG,0,98,3051.500,2611.500
376,DSC_0264.JPG,0,140,3127.500,2723.500
377,DSC_0264.JPG,0,141,3211.500,2807.500
378,DSC_0264.JPG,0,150,3191.500,2671.500
379,DSC_0264.JPG,0,99,3063.500,2779.500
380,DSC_0264.JPG,0,166,2947.500,2923.500
381,DSC_0264.JPG,0,187,2851.500,2995.500
382,DSC_0264.JPG,0,175,2723.500,3063.500
383,DSC_0264.JPG,0,151,2747.500,2979.500
384,DSC_0264.JPG,0,187,2827.500,3099.500
385,DSC_0264.JPG,0,173,2979.500,3043.500
386,DSC_0264.JPG,0,185,2879.500,2975.500
387,DSC_0264.JPG,0,126,2823.500,2911.500
388,DSC_0264.JPG,0,16,2655.500,2911.500
389,DSC_0264.JPG,0,15,2547.500,2835.500
390,DSC_0264.JPG,0,25,2475.500,2747.500
391,DSC_0264.JPG,0,36,2491.500,2671.500
392,DSC_0264.JPG,0,36,2643.500,2675.500
393,DSC_0264.JPG,0,15,2715.500,2787.500
394,DSC_0264.JPG,0,20,2643.500,2767.500
395,DSC_0264.JPG,0,39,2235.500,2879.500
396,DSC_0264.JPG,0,48,2203.500,2987.500
397,DSC_0264.JPG,0,62,2227.500,3135.500
398,DSC_0264.JPG,0,98,2299.500,3003.500
399,DSC_0264.JPG,0,40,2183.500,3079.500
400,DSC_0264.JPG,0,85,2471.500,3323.500
401,DSC_0264.JPG,0,58,2555.500,3359.500
402,DSC_0264.JPG,0,47,2639.500,3375.500
403,DSC_0264.JPG,0,84,2583.500,3271.500
404,DSC_0264.JPG,0,27,2543.500,3431.500
405,DSC_0264.JPG,0,108,1895.500,2623.500
406,DSC_0264.JPG,0,159,1911.500,2747.500
407,DSC_0264.JPG,0,159,1955.500,2835.500
408,DSC_0264.JPG,0,163,1991.500,2703.500
409,DSC_0264.JPG,0,77,1827.500,2727.500
410,DSC_0264.JPG,0,17,1535.500,2883.500
411,DSC_0264.JPG,0,117,1607.500,3007.500
412,DSC_0264.JPG,0,158,1675.500,3115.500
413,DSC_0264.JPG,0,100,1703.500,2963.500
414,DSC_0264.JPG,0,102,1527.500,3059.500
415,DSC_0264.JPG,0,25,2003.500,3235.500
416,DSC_0264.JPG,0,98,1963.500,3307.500
417,DSC_0264.JPG,0,153,1915.500,3391.500
418,DSC_0264.JPG,0,102,1871.500,3303.500
419,DSC_0264.JPG,0,141,2023.500,3395.500
420,DSC_0264.JPG,0,112,1171.500,3255.500
421,DSC_0264.JPG,0,168,1279.500,3319.500
422,DSC_0264.JPG,0,157,1439.500,3375.500
423,DSC_0264.JPG,0,157,1363.500,3263.500
424,DSC_0264.JPG,0,159,1307.500,3419.500
425,DSC_0264.JPG,0,103,895.500,3127.500
426,DSC_0264.JPG,0,82,1011.500,3071.500
427,DSC_0264.JPG,0,32,1123.500,3063.500
428,DSC_0264.JPG,0,58,951.500,3003.500
429,DSC_0264.JPG,0,75,1023.500,3167.500
430,DSC_0264.JPG,0,18,651.500,2671.500
431,DSC_0264.JPG,0,67,707.500,2743.500
432,DSC_0264.JPG,0,150,759.500,2831.500
433,DSC_0264.JPG,0,64,783.500,2711.500
434,Green,0,115,635.500,2823.500
435,DSC_0264.JPG,0,31,316.000,1144.000
436,DSC_0264.JPG,0,25,367.500,1239.500
437,DSC_0264.JPG,0,27,387.500,1151.500
438,DSC_0264.JPG,0,29,399.500,1239.500
439,DSC_0264.JPG,0,20,443.500,1187.500
440,DSC_0264.JPG,0,25,379.500,1119.500
441,DSC_0264.JPG,0,29,303.500,1143.500
442,DSC_0264.JPG,0,32,283.500,1231.500
443,DSC_0264.JPG,0,34,647.500,911.500
444,DSC_0264.JPG,0,26,759.500,851.500
445,DSC_0264.JPG,0,21,719.500,835.500
446,DSC_0264.JPG,0,25,763.500,911.500
447,DSC_0264.JPG,0,33,671.500,915.500
448,DSC_0264.JPG,0,39,631.500,871.500
449,DSC_0264.JPG,0,29,883.500,639.500
450,DSC_0264.JPG,0,54,1031.500,563.500
451,DSC_0264.JPG,0,52,1095.500,579.500
452,DSC_0264.JPG,0,51,1011.500,647.500
453,DSC_0264.JPG,0,46,963.500,587.500
454,DSC_0264.JPG,0,43,1227.500,831.500
455,DSC_0264.JPG,0,61,1311.500,963.500
456,DSC_0264.JPG,0,55,1323.500,875.500
457,DSC_0264.JPG,0,44,1263.500,811.500
458,DSC_0264.JPG,0,37,1383.500,815.500
459,DSC_0264.JPG,0,19,1535.500,607.500
460,DSC_0264.JPG,0,33,1691.500,611.500
461,DSC_0264.JPG,0,31,1631.500,539.500
462,DSC_0264.JPG,0,20,1555.500,627.500
463,DSC_0264.JPG,0,29,1663.500,639.500
464,DSC_0264.JPG,0,40,1883.500,799.500
465,DSC_0264.JPG,0,14,1859.500,971.500
466,DSC_0264.JPG,0,10,1983.500,955.500
467,DSC_0264.JPG,0,33,1963.500,835.500
468,DSC_0264.JPG,0,27,1871.500,895.500
469,DSC_0264.JPG,0,15,2111.500,571.500
470,DSC_0264.JPG,0,35,2183.500,559.500
471,DSC_0264.JPG,0,18,2203.500,507.500
472,DSC_0264.JPG,0,24,2279.500,575.500
473,DSC_0264.JPG,0,37,2267.500,639.500
474,DSC_0264.JPG,0,77,2167.500,1123.500
475,DSC_0264.JPG,0,74,2263.500,1207.500
476,DSC_0264.JPG,0,55,2335.500,1175.500
477,DSC_0264.JPG,0,73,2219.500,1127.500
478,DSC_0264.JPG,0,64,2163.500,1203.500
479,DSC_0264.JPG,0,31,2459.500,895.500
480,DSC_0264.JPG,0,33,2535.500,967.500
481,DSC_0264.JPG,0,40,2555.500,875.500
482,DSC_0264.JPG,0,47,2503.500,843.500
483,DSC_0264.JPG,0,51,2503.500,863.500
484,DSC_0264.JPG,0,35,2759.500,663.500
485,DSC_0264.JPG,0,36,2839.500,563.500
486,DSC_0264.JPG,0,49,2807.500,527.500
487,DSC_0264.JPG,0,40,2715.500,571.500
488,DSC_0264.JPG,0,34,2875.500,615.500
489,DSC_0264.JPG,0,28,3127.500,835.500
490,DSC_0264.JPG,0,35,3107.500,911.500
491,DSC_0264.JPG,0,51,3159.500,923.500
492,DSC_0264.JPG,0,26,3115.500,823.500
493,DSC_0264.JPG,0,34,3055.500,799.500
494,DSC_0264.JPG,0,54,2907.500,1123.500
495,DSC_0264.JPG,0,41,2919.500,1255.500
496,DSC_0264.JPG,0,74,2827.500,1283.500
497,DSC_0264.JPG,0,29,2747.500,1163.500
498,DSC_0264.JPG,0,42,2827.500,1099.500
499,DSC_0264.JPG,0,27,3131.500,1351.500
500,DSC_0264.JPG,0,60,3207.500,1447.500
501,DSC_0264.JPG,0,58,3187.500,1511.500
502,DSC_0264.JPG,0,31,3071.500,1479.500
503,DSC_0264.JPG,0,31,3079.500,1423.500
504,DSC_0264.JPG,0,45,2879.500,1719.500
505,DSC_0264.JPG,0,41,2783.500,1779.500
506,DSC_0264.JPG,0,47,2779.500,1847.500
507,DSC_0264.JPG,0,57,2919.500,1803.500
508,DSC_0264.JPG,0,64,2859.500,1791.500
509,DSC_0264.JPG,0,49,2583.500,1499.500
510,DSC_0264.JPG,0,36,2535.500,1451.500
511,DSC_0264.JPG,0,33,2499.500,1527.500
512,DSC_0264.JPG,0,37,2479.500,1467.500
513,DSC_0264.JPG,0,37,2607.500,1451.500
514,DSC_0264.JPG,0,96,1963.500,1591.500
515,DSC_0264.JPG,0,93,1895.500,1491.500
516,DSC_0264.JPG,0,45,1847.500,1407.500
517,DSC_0264.JPG,0,57,1979.500,1467.500
518,DSC_0264.JPG,0,55,2035.500,1555.500
519,DSC_0264.JPG,0,24,1311.500,1611.500
520,DSC_0264.JPG,0,43,1375.500,1519.500
521,DSC_0264.JPG,0,42,1355.500,1419.500
522,DSC_0264.JPG,0,35,1243.500,1451.500
523,DSC_0264.JPG,0,20,1179.500,1599.500
524,DSC_0264.JPG,0,27,1027.500,1291.500
525,DSC_0264.JPG,0,23,907.500,1219.500
526,DSC_0264.JPG,0,22,987.500,1179.500
527,DSC_0264.JPG,0,27,1095.500,1227.500
528,DSC_0264.JPG,0,15,1063.500,1179.500
529,DSC_0264.JPG,0,38,547.500,1467.500
530,DSC_0264.JPG,0,52,627.500,1543.500
531,DSC_0264.JPG,0,49,771.500,1535.500
532,DSC_0264.JPG,0,49,683.500,1435.500
533,DSC_0264.JPG,0,40,643.500,1411.500
534,DSC_0264.JPG,0,24,1231.500,1959.500
535,DSC_0264.JPG,0,38,1247.500,2123.500
536,DSC_0264.JPG,0,36,1295.500,2239.500
537,DSC_0264.JPG,0,33,1299.500,2075.500
538,DSC_0264.JPG,0,36,1219.500,2127.500
539,DSC_0264.JPG,0,26,1419.500,2187.500
540,DSC_0264.JPG,0,30,1583.500,1895.500
541,DSC_0264.JPG,0,28,1719.500,1819.500
542,DSC_0264.JPG,0,21,1671.500,1679.500
543,DSC_0264.JPG,0,24,1567.500,1751.500
544,DSC_0264.JPG,0,46,1659.500,1819.500
545,DSC_0264.JPG,0,78,647.500,2035.500
546,DSC_0264.JPG,0,80,639.500,2143.500
547,DSC_0264.JPG,0,64,727.500,2147.500
548,DSC_0264.JPG,0,57,727.500,2063.500
549,DSC_0264.JPG,0,26,803.500,2179.500
550,DSC_0264.JPG,0,14,959.500,2399.500
551,DSC_0264.JPG,0,23,1039.500,2387.500
552,DSC_0264.JPG,0,17,1003.500,2351.500
553,DSC_0264.JPG,0,57,1043.500,2459.500
554,DSC_0264.JPG,0,35,1003.500,2463.500
555,DSC_0264.JPG,0,50,1199.500,2751.500
556,DSC_0264.JPG,0,54,1251.500,2683.500
557,DSC_0264.JPG,0,71,1339.500,2639.500
558,DSC_0264.JPG,0,77,1339.500,2767.500
559,DSC_0264.JPG,0,75,1467.500,2739.500
560,DSC_0264.JPG,0,89,1875.500,2211.500
561,DSC_0264.JPG,0,61,1815.500,2127.500
562,DSC_0264.JPG,0,76,1883.500,2043.500
563,DSC_0264.JPG,0,72,1967.500,2011.500
564,DSC_0264.JPG,0,64,2011.500,2115.500
565,DSC_0264.JPG,0,64,1519.500,2363.500
566,DSC_0264.JPG,0,71,1599.500,2391.500
567,DSC_0264.JPG,0,60,1595.500,2311.500
568,DSC_0264.JPG,0,35,1631.500,2487.500
569,DSC_0264.JPG,0,39,1559.500,2455.500
570,DSC_0264.JPG,0,57,1699.500,2395.500
571,DSC_0264.JPG,0,17,2143.500,2403.500
572,DSC_0264.JPG,0,28,2223.500,2343.500
573,DSC_0264.JPG,0,43,2279.500,2427.500
574,DSC_0264.JPG,0,20,2263.500,2515.500
575,DSC_0264.JPG,0,34,2223.500,2415.500
576,DSC_0264.JPG,0,39,2431.500,2099.500
577,DSC_0264.JPG,0,32,2483.500,2031.500
578,DSC_0264.JPG,0,53,2511.500,2103.500
579,DSC_0264.JPG,0,31,2571.500,2195.500
580,DSC_0264.JPG,0,53,2595.500,2111.500
581,DSC_0264.JPG,0,25,2643.500,2071.500
582,DSC_0264.JPG,0,52,2835.500,2311.500
583,DSC_0264.JPG,0,56,2823.500,2387.500
584,DSC_0264.JPG,0,21,2827.500,2503.500
585,DSC_0264.JPG,0,40,2771.500,2419.500
586,DSC_0264.JPG,0,34,2931.500,2415.500
587,DSC_0264.JPG,0,46,3179.500,2027.500
588,DSC_0264.JPG,0,29,3159.500,2127.500
589,DSC_0264.JPG,0,17,3159.500,2199.500
590,DSC_0264.JPG,0,22,3087.500,2119.500
591,DSC_0264.JPG,0,31,3251.500,2091.500
592,DSC_0264.JPG,0,54,3051.500,2611.500
593,DSC_0264.JPG,0,89,3127.500,2723.500
594,DSC_0264.JPG,0,89,3211.500,2807.500
595,DSC_0264.JPG,0,98,3191.500,2671.500
596,DSC_0264.JPG,0,51,3063.500,2779.500
597,DSC_0264.JPG,0,59,2947.500,2923.500
598,DSC_0264.JPG,0,78,2851.500,2995.500
599,DSC_0264.JPG,0,85,2723.500,3063.500
600,DSC_0264.JPG,0,59,2747.500,2979.500
601,DSC_0264.JPG,0,88,2827.500,3099.500
602,DSC_0264.JPG,0,54,2979.500,3043.500
603,DSC_0264.JPG,0,76,2879.500,2975.500
604,DSC_0264.JPG,0,30,2823.500,2911.500
605,DSC_0264.JPG,0,19,2655.500,2911.500
606,DSC_0264.JPG,0,16,2547.500,2835.500
607,DSC_0264.JPG,0,24,2475.500,2747.500
608,DSC_0264.JPG,0,28,2491.500,2671.500
609,DSC_0264.JPG,0,21,2643.500,2675.500
610,DSC_0264.JPG,0,18,2715.500,2787.500
611,DSC_0264.JPG,0,25,2643.500,2767.500
612,DSC_0264.JPG,0,27,2235.500,2879.500
613,DSC_0264.JPG,0,34,2203.500,2987.500
614,DSC_0264.JPG,0,44,2227.500,3135.500
615,DSC_0264.JPG,0,66,2299.500,3003.500
616,DSC_0264.JPG,0,25,2183.500,3079.500
617,DSC_0264.JPG,0,35,2471.500,3323.500
618,DSC_0264.JPG,0,32,2555.500,3359.500
619,DSC_0264.JPG,0,44,2639.500,3375.500
620,DSC_0264.JPG,0,42,2583.500,3271.500
621,DSC_0264.JPG,0,23,2543.500,3431.500
622,DSC_0264.JPG,0,27,1895.500,2623.500
623,DSC_0264.JPG,0,46,1911.500,2747.500
624,DSC_0264.JPG,0,46,1955.500,2835.500
625,DSC_0264.JPG,0,53,1991.500,2703.500
626,DSC_0264.JPG,0,17,1827.500,2727.500
627,DSC_0264.JPG,0,15,1535.500,2883.500
628,DSC_0264.JPG,0,51,1607.500,3007.500
629,DSC_0264.JPG,0,51,1675.500,3115.500
630,DSC_0264.JPG,0,28,1703.500,2963.500
631,DSC_0264.JPG,0,28,1527.500,3059.500
632,DSC_0264.JPG,0,19,2003.500,3235.500
633,DSC_0264.JPG,0,38,1963.500,3307.500
634,DSC_0264.JPG,0,48,1915.500,3391.500
635,DSC_0264.JPG,0,26,1871.500,3303.500
636,DSC_0264.JPG,0,35,2023.500,3395.500
637,DSC_0264.JPG,0,55,1171.500,3255.500
638,DSC_0264.JPG,0,97,1279.500,3319.500
639,DSC_0264.JPG,0,94,1439.500,3375.500
640,DSC_0264.JPG,0,67,1363.500,3263.500
641,DSC_0264.JPG,0,92,1307.500,3419.500
642,DSC_0264.JPG,0,66,895.500,3127.500
643,DSC_0264.JPG,0,52,1011.500,3071.500
644,DSC_0264.JPG,0,29,1123.500,3063.500
645,DSC_0264.JPG,0,21,951.500,3003.500
646,DSC_0264.JPG,0,43,1023.500,3167.500
647,DSC_0264.JPG,0,17,651.500,2671.500
648,DSC_0264.JPG,0,32,707.500,2743.500
649,DSC_0264.JPG,0,122,759.500,2831.500
650,DSC_0264.JPG,0,24,783.500,2711.500
651,Blue,0,39,635.500,2823.500
652,DSC_0264.JPG,0,69,316.000,1144.000
653,DSC_0264.JPG,0,52,367.500,1239.500
654,DSC_0264.JPG,0,59,387.500,1151.500
655,DSC_0264.JPG,0,52,399.500,1239.500
656,DSC_0264.JPG,0,43,443.500,1187.500
657,DSC_0264.JPG,0,57,379.500,1119.500
658,DSC_0264.JPG,0,70,303.500,1143.500
659,DSC_0264.JPG,0,76,283.500,1231.500
660,DSC_0264.JPG,0,86,647.500,911.500
661,DSC_0264.JPG,0,54,759.500,851.500
662,DSC_0264.JPG,0,53,719.500,835.500
663,DSC_0264.JPG,0,55,763.500,911.500
664,DSC_0264.JPG,0,75,671.500,915.500
665,DSC_0264.JPG,0,95,631.500,871.500
666,DSC_0264.JPG,0,105,883.500,639.500
667,DSC_0264.JPG,0,117,1031.500,563.500
668,DSC_0264.JPG,0,113,1095.500,579.500
669,DSC_0264.JPG,0,117,1011.500,647.500
670,DSC_0264.JPG,0,110,963.500,587.500
671,DSC_0264.JPG,0,107,1227.500,831.500
672,DSC_0264.JPG,0,131,1311.500,963.500
673,DSC_0264.JPG,0,111,1323.500,875.500
674,DSC_0264.JPG,0,104,1263.500,811.500
675,DSC_0264.JPG,0,93,1383.500,815.500
676,DSC_0264.JPG,0,48,1535.500,607.500
677,DSC_0264.JPG,0,68,1691.500,611.500
678,DSC_0264.JPG,0,67,1631.500,539.500
679,DSC_0264.JPG,0,49,1555.500,627.500
680,DSC_0264.JPG,0,64,1663.500,639.500
681,DSC_0264.JPG,0,84,1883.500,799.500
682,DSC_0264.JPG,0,40,1859.500,971.500
683,DSC_0264.JPG,0,39,1983.500,955.500
684,DSC_0264.JPG,0,75,1963.500,835.500
685,DSC_0264.JPG,0,63,1871.500,895.500
686,DSC_0264.JPG,0,41,2111.500,571.500
687,DSC_0264.JPG,0,64,2183.500,559.500
688,DSC_0264.JPG,0,40,2203.500,507.500
689,DSC_0264.JPG,0,56,2279.500,575.500
690,DSC_0264.JPG,0,79,2267.500,639.500
691,DSC_0264.JPG,0,144,2167.500,1123.500
692,DSC_0264.JPG,0,146,2263.500,1207.500
693,DSC_0264.JPG,0,129,2335.500,1175.500
694,DSC_0264.JPG,0,141,2219.500,1127.500
695,DSC_0264.JPG,0,139,2163.500,1203.500
696,DSC_0264.JPG,0,77,2459.500,895.500
697,DSC_0264.JPG,0,67,2535.500,967.500
698,DSC_0264.JPG,0,93,2555.500,875.500
699,DSC_0264.JPG,0,106,2503.500,843.500
700,DSC_0264.JPG,0,102,2503.500,863.500
701,DSC_0264.JPG,0,88,2759.500,663.500
702,DSC_0264.JPG,0,101,2839.500,563.500
703,DSC_0264.JPG,0,116,2807.500,527.500
704,DSC_0264.JPG,0,104,2715.500,571.500
705,DSC_0264.JPG,0,90,2875.500,615.500
706,DSC_0264.JPG,0,78,3127.500,835.500
707,DSC_0264.JPG,0,89,3107.500,911.500
708,DSC_0264.JPG,0,109,3159.500,923.500
709,DSC_0264.JPG,0,75,3115.500,823.500
710,DSC_0264.JPG,0,70,3055.500,799.500
711,DSC_0264.JPG,0,126,2907.500,1123.500
712,DSC_0264.JPG,0,121,2919.500,1255.500
713,DSC_0264.JPG,0,139,2827.500,1283.500
714,DSC_0264.JPG,0,75,2747.500,1163.500
715,DSC_0264.JPG,0,96,2827.500,1099.500
716,DSC_0264.JPG,0,81,3131.500,1351.500
717,DSC_0264.JPG,0,117,3207.500,1447.500
718,DSC_0264.JPG,0,114,3187.500,1511.500
719,DSC_0264.JPG,0,85,3071.500,1479.500
720,DSC_0264.JPG,0,85,3079.500,1423.500
721,DSC_0264.JPG,0,91,2879.500,1719.500
722,DSC_0264.JPG,0,85,2783.500,1779.500
723,DSC_0264.JPG,0,87,2779.500,1847.500
724,DSC_0264.JPG,0,99,2919.500,1803.500
725,DSC_0264.JPG,0,105,2859.500,1791.500
726,DSC_0264.JPG,0,136,2583.500,1499.500
727,DSC_0264.JPG,0,125,2535.500,1451.500
728,DSC_0264.JPG,0,101,2499.500,1527.500
729,DSC_0264.JPG,0,114,2479.500,1467.500
730,DSC_0264.JPG,0,125,2607.500,1451.500
731,DSC_0264.JPG,0,149,1963.500,1591.500
732,DSC_0264.JPG,0,150,1895.500,1491.500
733,DSC_0264.JPG,0,103,1847.500,1407.500
734,DSC_0264.JPG,0,111,1979.500,1467.500
735,DSC_0264.JPG,0,111,2035.500,1555.500
736,DSC_0264.JPG,0,68,1311.500,1611.500
737,DSC_0264.JPG,0,89,1375.500,1519.500
738,DSC_0264.JPG,0,87,1355.500,1419.500
739,DSC_0264.JPG,0,78,1243.500,1451.500
740,DSC_0264.JPG,0,56,1179.500,1599.500
741,DSC_0264.JPG,0,61,1027.500,1291.500
742,DSC_0264.JPG,0,55,907.500,1219.500
743,DSC_0264.JPG,0,47,987.500,1179.500
744,DSC_0264.JPG,0,50,1095.500,1227.500
745,DSC_0264.JPG,0,41,1063.500,1179.500
746,DSC_0264.JPG,0,89,547.500,1467.500
747,DSC_0264.JPG,0,108,627.500,1543.500
748,DSC_0264.JPG,0,101,771.500,1535.500
749,DSC_0264.JPG,0,103,683.500,1435.500
750,DSC_0264.JPG,0,95,643.500,1411.500
751,DSC_0264.JPG,0,84,1231.500,1959.500
752,DSC_0264.JPG,0,103,1247.500,2123.500
753,DSC_0264.JPG,0,100,1295.500,2239.500
754,DSC_0264.JPG,0,94,1299.500,2075.500
755,DSC_0264.JPG,0,105,1219.500,2127.500
756,DSC_0264.JPG,0,91,1419.500,2187.500
757,DSC_0264.JPG,0,87,1583.500,1895.500
758,DSC_0264.JPG,0,76,1719.500,1819.500
759,DSC_0264.JPG,0,46,1671.500,1679.500
760,DSC_0264.JPG,0,56,1567.500,1751.500
761,DSC_0264.JPG,0,96,1659.500,1819.500
762,DSC_0264.JPG,0,145,647.500,2035.500
763,DSC_0264.JPG,0,154,639.500,2143.500
764,DSC_0264.JPG,0,127,727.500,2147.500
765,DSC_0264.JPG,0,128,727.500,2063.500
766,DSC_0264.JPG,0,82,803.500,2179.500
767,DSC_0264.JPG,0,73,959.500,2399.500
768,DSC_0264.JPG,0,69,1039.500,2387.500
769,DSC_0264.JPG,0,69,1003.500,2351.500
770,DSC_0264.JPG,0,92,1043.500,2459.500
771,DSC_0264.JPG,0,82,1003.500,2463.500
772,DSC_0264.JPG,0,113,1199.500,2751.500
773,DSC_0264.JPG,0,120,1251.500,2683.500
774,DSC_0264.JPG,0,132,1339.500,2639.500
775,DSC_0264.JPG,0,133,1339.500,2767.500
776,DSC_0264.JPG,0,124,1467.500,2739.500
777,DSC_0264.JPG,0,148,1875.500,2211.500
778,DSC_0264.JPG,0,118,1815.500,2127.500
779,DSC_0264.JPG,0,132,1883.500,2043.500
780,DSC_0264.JPG,0,131,1967.500,2011.500
781,DSC_0264.JPG,0,134,2011.500,2115.500
782,DSC_0264.JPG,0,131,1519.500,2363.500
783,DSC_0264.JPG,0,141,1599.500,2391.500
784,DSC_0264.JPG,0,133,1595.500,2311.500
785,DSC_0264.JPG,0,91,1631.500,2487.500
786,DSC_0264.JPG,0,99,1559.500,2455.500
787,DSC_0264.JPG,0,135,1699.500,2395.500
788,DSC_0264.JPG,0,105,2143.500,2403.500
789,DSC_0264.JPG,0,121,2223.500,2343.500
790,DSC_0264.JPG,0,138,2279.500,2427.500
791,DSC_0264.JPG,0,108,2263.500,2515.500
792,DSC_0264.JPG,0,128,2223.500,2415.500
793,DSC_0264.JPG,0,117,2431.500,2099.500
794,DSC_0264.JPG,0,110,2483.500,2031.500
795,DSC_0264.JPG,0,136,2511.500,2103.500
796,DSC_0264.JPG,0,112,2571.500,2195.500
797,DSC_0264.JPG,0,137,2595.500,2111.500
798,DSC_0264.JPG,0,114,2643.500,2071.500
799,DSC_0264.JPG,0,116,2835.500,2311.500
800,DSC_0264.JPG,0,122,2823.500,2387.500
801,DSC_0264.JPG,0,89,2827.500,2503.500
802,DSC_0264.JPG,0,114,2771.500,2419.500
803,DSC_0264.JPG,0,111,2931.500,2415.500
804,DSC_0264.JPG,0,115,3179.500,2027.500
805,DSC_0264.JPG,0,106,3159.500,2127.500
806,DSC_0264.JPG,0,78,3159.500,2199.500
807,DSC_0264.JPG,0,66,3087.500,2119.500
808,DSC_0264.JPG,0,120,3251.500,2091.500
809,DSC_0264.JPG,0,111,3051.500,2611.500
810,DSC_0264.JPG,0,147,3127.500,2723.500
811,DSC_0264.JPG,0,146,3211.500,2807.500
812,DSC_0264.JPG,0,153,3191.500,2671.500
813,DSC_0264.JPG,0,112,3063.500,2779.500
814,DSC_0264.JPG,0,141,2947.500,2923.500
815,DSC_0264.JPG,0,158,2851.500,2995.500
816,DSC_0264.JPG,0,153,2723.500,3063.500
817,DSC_0264.JPG,0,130,2747.500,2979.500
818,DSC_0264.JPG,0,161,2827.500,3099.500
819,DSC_0264.JPG,0,141,2979.500,3043.500
820,DSC_0264.JPG,0,156,2879.500,2975.500
821,DSC_0264.JPG,0,106,2823.500,2911.500
822,DSC_0264.JPG,0,36,2655.500,2911.500
823,DSC_0264.JPG,0,44,2547.500,2835.500
824,DSC_0264.JPG,0,63,2475.500,2747.500
825,DSC_0264.JPG,0,74,2491.500,2671.500
826,DSC_0264.JPG,0,68,2643.500,2675.500
827,DSC_0264.JPG,0,42,2715.500,2787.500
828,DSC_0264.JPG,0,52,2643.500,2767.500
829,DSC_0264.JPG,0,77,2235.500,2879.500
830,DSC_0264.JPG,0,83,2203.500,2987.500
831,DSC_0264.JPG,0,92,2227.500,3135.500
832,DSC_0264.JPG,0,119,2299.500,3003.500
833,DSC_0264.JPG,0,74,2183.500,3079.500
834,DSC_0264.JPG,0,96,2471.500,3323.500
835,DSC_0264.JPG,0,85,2555.500,3359.500
836,DSC_0264.JPG,0,82,2639.500,3375.500
837,DSC_0264.JPG,0,100,2583.500,3271.500
838,DSC_0264.JPG,0,63,2543.500,3431.500
839,DSC_0264.JPG,0,103,1895.500,2623.500
840,DSC_0264.JPG,0,135,1911.500,2747.500
841,DSC_0264.JPG,0,132,1955.500,2835.500
842,DSC_0264.JPG,0,136,1991.500,2703.500
843,DSC_0264.JPG,0,85,1827.500,2727.500
844,DSC_0264.JPG,0,48,1535.500,2883.500
845,DSC_0264.JPG,0,119,1607.500,3007.500
846,DSC_0264.JPG,0,134,1675.500,3115.500
847,DSC_0264.JPG,0,100,1703.500,2963.500
848,DSC_0264.JPG,0,101,1527.500,3059.500
849,DSC_0264.JPG,0,55,2003.500,3235.500
850,DSC_0264.JPG,0,105,1963.500,3307.500
851,DSC_0264.JPG,0,132,1915.500,3391.500
852,DSC_0264.JPG,0,101,1871.500,3303.500
853,DSC_0264.JPG,0,119,2023.500,3395.500
854,DSC_0264.JPG,0,118,1171.500,3255.500
855,DSC_0264.JPG,0,159,1279.500,3319.500
856,DSC_0264.JPG,0,153,1439.500,3375.500
857,DSC_0264.JPG,0,141,1363.500,3263.500
858,DSC_0264.JPG,0,153,1307.500,3419.500
859,DSC_0264.JPG,0,117,895.500,3127.500
860,DSC_0264.JPG,0,104,1011.500,3071.500
861,DSC_0264.JPG,0,67,1123.500,3063.500
862,DSC_0264.JPG,0,74,951.500,3003.500
863,DSC_0264.JPG,0,96,1023.500,3167.500
864,DSC_0264.JPG,0,45,651.500,2671.500
865,DSC_0264.JPG,0,82,707.500,2743.500
866,DSC_0264.JPG,0,152,759.500,2831.500
867,DSC_0264.JPG,0,80,783.500,2711.500
868,(R+G+B)/3,0,112,635.500,2823.500
869,DSC_0264.JPG,0,65,316.000,1144.000
870,DSC_0264.JPG,0,48,367.500,1239.500
871,DSC_0264.JPG,0,55,387.500,1151.500
872,DSC_0264.JPG,0,48,399.500,1239.500
873,DSC_0264.JPG,0,39,443.500,1187.500
874,DSC_0264.JPG,0,53,379.500,1119.500
875,DSC_0264.JPG,0,66,303.500,1143.500
876,DSC_0264.JPG,0,75,283.500,1231.500
877,DSC_0264.JPG,0,89,647.500,911.500
878,DSC_0264.JPG,0,49,759.500,851.500
879,DSC_0264.JPG,0,48,719.500,835.500
880,DSC_0264.JPG,0,50,763.500,911.500
881,DSC_0264.JPG,0,72,671.500,915.500
882,DSC_0264.JPG,0,101,631.500,871.500
883,DSC_0264.JPG,0,119,883.500,639.500
884,DSC_0264.JPG,0,125,1031.500,563.500
885,DSC_0264.JPG,0,121,1095.500,579.500
886,DSC_0264.JPG,0,127,1011.500,647.500
887,DSC_0264.JPG,0,119,963.500,587.500
888,DSC_0264.JPG,0,116,1227.500,831.500
889,DSC_0264.JPG,0,143,1311.500,963.500
890,DSC_0264.JPG,0,117,1323.500,875.500
891,DSC_0264.JPG,0,110,1263.500,811.500
892,DSC_0264.JPG,0,97,1383.500,815.500
893,DSC_0264.JPG,0,44,1535.500,607.500
894,DSC_0264.JPG,0,63,1691.500,611.500
895,DSC_0264.JPG,0,63,1631.500,539.500
896,DSC_0264.JPG,0,45,1555.500,627.500
897,DSC_0264.JPG,0,59,1663.500,639.500
898,DSC_0264.JPG,0,81,1883.500,799.500
899,DSC_0264.JPG,0,37,1859.500,971.500
900,DSC_0264.JPG,0,37,1983.500,955.500
901,DSC_0264.JPG,0,72,1963.500,835.500
902,DSC_0264.JPG,0,59,1871.500,895.500
903,DSC_0264.JPG,0,38,2111.500,571.500
904,DSC_0264.JPG,0,60,2183.500,559.500
905,DSC_0264.JPG,0,37,2203.500,507.500
906,DSC_0264.JPG,0,52,2279.500,575.500
907,DSC_0264.JPG,0,76,2267.500,639.500
908,DSC_0264.JPG,0,160,2167.500,1123.500
909,DSC_0264.JPG,0,164,2263.500,1207.500
910,DSC_0264.JPG,0,147,2335.500,1175.500
911,DSC_0264.JPG,0,156,2219.500,1127.500
912,DSC_0264.JPG,0,158,2163.500,1203.500
913,DSC_0264.JPG,0,77,2459.500,895.500
914,DSC_0264.JPG,0,61,2535.500,967.500
915,DSC_0264.JPG,0,97,2555.500,875.500
916,DSC_0264.JPG,0,113,2503.500,843.500
917,DSC_0264.JPG,0,106,2503.500,863.500
918,DSC_0264.JPG,0,90,2759.500,663.500
919,DSC_0264.JPG,0,109,2839.500,563.500
920,DSC_0264.JPG,0,127,2807.500,527.500
921,DSC_0264.JPG,0,113,2715.500,571.500
922,DSC_0264.JPG,0,94,2875.500,615.500
923,DSC_0264.JPG,0,78,3127.500,835.500
924,DSC_0264.JPG,0,93,3107.500,911.500
925,DSC_0264.JPG,0,115,3159.500,923.500
926,DSC_0264.JPG,0,74,3115.500,823.500
927,DSC_0264.JPG,0,66,3055.500,799.500
928,DSC_0264.JPG,0,141,2907.500,1123.500
929,DSC_0264.JPG,0,142,2919.500,1255.500
930,DSC_0264.JPG,0,154,2827.500,1283.500
931,DSC_0264.JPG,0,73,2747.500,1163.500
932,DSC_0264.JPG,0,100,2827.500,1099.500
933,DSC_0264.JPG,0,84,3131.500,1351.500
934,DSC_0264.JPG,0,124,3207.500,1447.500
935,DSC_0264.JPG,0,120,3187.500,1511.500
936,DSC_0264.JPG,0,89,3071.500,1479.500
937,DSC_0264.JPG,0,88,3079.500,1423.500
938,DSC_0264.JPG,0,88,2879.500,1719.500
939,DSC_0264.JPG,0,82,2783.500,1779.500
940,DSC_0264.JPG,0,82,2779.500,1847.500
941,DSC_0264.JPG,0,96,2919.500,1803.500
942,DSC_0264.JPG,0,101,2859.500,1791.500
943,DSC_0264.JPG,0,161,2583.500,1499.500
944,DSC_0264.JPG,0,149,2535.500,1451.500
945,DSC_0264.JPG,0,113,2499.500,1527.500
946,DSC_0264.JPG,0,131,2479.500,1467.500
947,DSC_0264.JPG,0,150,2607.500,1451.500
948,DSC_0264.JPG,0,158,1963.500,1591.500
949,DSC_0264.JPG,0,162,1895.500,1491.500
950,DSC_0264.JPG,0,111,1847.500,1407.500
951,DSC_0264.JPG,0,117,1979.500,1467.500
952,DSC_0264.JPG,0,117,2035.500,1555.500
953,DSC_0264.JPG,0,65,1311.500,1611.500
954,DSC_0264.JPG,0,86,1375.500,1519.500
955,DSC_0264.JPG,0,83,1355.500,1419.500
956,DSC_0264.JPG,0,74,1243.500,1451.500
957,DSC_0264.JPG,0,52,1179.500,1599.500
958,DSC_0264.JPG,0,57,1027.500,1291.500
959,DSC_0264.JPG,0,51,907.500,1219.500
960,DSC_0264.JPG,0,43,987.500,1179.500
961,DSC_0264.JPG,0,46,1095.500,1227.500
962,DSC_0264.JPG,0,38,1063.500,1179.500
963,DSC_0264.JPG,0,88,547.500,1467.500
964,DSC_0264.JPG,0,112,627.500,1543.500
965,DSC_0264.JPG,0,100,771.500,1535.500
966,DSC_0264.JPG,0,106,683.500,1435.500
967,DSC_0264.JPG,0,98,643.500,1411.500
968,DSC_0264.JPG,0,91,1231.500,1959.500
969,DSC_0264.JPG,0,112,1247.500,2123.500
970,DSC_0264.JPG,0,109,1295.500,2239.500
971,DSC_0264.JPG,0,100,1299.500,2075.500
972,DSC_0264.JPG,0,116,1219.500,2127.500
973,DSC_0264.JPG,0,99,1419.500,2187.500
974,DSC_0264.JPG,0,92,1583.500,1895.500
975,DSC_0264.JPG,0,76,1719.500,1819.500
976,DSC_0264.JPG,0,42,1671.500,1679.500
977,DSC_0264.JPG,0,52,1567.500,1751.500
978,DSC_0264.JPG,0,96,1659.500,1819.500
979,DSC_0264.JPG,0,161,647.500,2035.500
980,DSC_0264.JPG,0,172,639.500,2143.500
981,DSC_0264.JPG,0,137,727.500,2147.500
982,DSC_0264.JPG,0,142,727.500,2063.500
983,DSC_0264.JPG,0,86,803.500,2179.500
984,DSC_0264.JPG,0,80,959.500,2399.500
985,DSC_0264.JPG,0,71,1039.500,2387.500
986,DSC_0264.JPG,0,75,1003.500,2351.500
987,DSC_0264.JPG,0,89,1043.500,2459.500
988,DSC_0264.JPG,0,83,1003.500,2463.500
989,DSC_0264.JPG,0,121,1199.500,2751.500
990,DSC_0264.JPG,0,130,1251.500,2683.500
991,DSC_0264.JPG,0,142,1339.500,2639.500
992,DSC_0264.JPG,0,141,1339.500,2767.500
993,DSC_0264.JPG,0,128,1467.500,2739.500
994,DSC_0264.JPG,0,162,1875.500,2211.500
995,DSC_0264.JPG,0,128,1815.500,2127.500
996,DSC_0264.JPG,0,140,1883.500,2043.500
997,DSC_0264.JPG,0,139,1967.500,2011.500
998,DSC_0264.JPG,0,149,2011.500,2115.500
999,DSC_0264.JPG,0,144,1519.500,2363.500
1000,DSC_0264.JPG,0,156,1599.500,2391.500
1001,DSC_0264.JPG,0,150,1595.500,2311.500
1002,DSC_0264.JPG,0,95,1631.500,2487.500
1003,DSC_0264.JPG,0,105,1559.500,2455.500
1004,DSC_0264.JPG,0,153,1699.500,2395.500
1005,DSC_0264.JPG,0,125,2143.500,2403.500
1006,DSC_0264.JPG,0,145,2223.500,2343.500
1007,DSC_0264.JPG,0,165,2279.500,2427.500
1008,DSC_0264.JPG,0,133,2263.500,2515.500
1009,DSC_0264.JPG,0,153,2223.500,2415.500
1010,DSC_0264.JPG,0,136,2431.500,2099.500
1011,DSC_0264.JPG,0,129,2483.500,2031.500
1012,DSC_0264.JPG,0,159,2511.500,2103.500
1013,DSC_0264.JPG,0,132,2571.500,2195.500
1014,DSC_0264.JPG,0,163,2595.500,2111.500
1015,DSC_0264.JPG,0,140,2643.500,2071.500
1016,DSC_0264.JPG,0,126,2835.500,2311.500
1017,DSC_0264.JPG,0,132,2823.500,2387.500
1018,DSC_0264.JPG,0,99,2827.500,2503.500
1019,DSC_0264.JPG,0,129,2771.500,2419.500
1020,DSC_0264.JPG,0,126,2931.500,2415.500
1021,DSC_0264.JPG,0,133,3179.500,2027.500
1022,DSC_0264.JPG,0,123,3159.500,2127.500
1023,DSC_0264.JPG,0,86,3159.500,2199.500
1024,DSC_0264.JPG,0,66,3087.500,2119.500
1025,DSC_0264.JPG,0,146,3251.500,2091.500
1026,DSC_0264.JPG,0,118,3051.500,2611.500
1027,DSC_0264.JPG,0,156,3127.500,2723.500
1028,DSC_0264.JPG,0,155,3211.500,2807.500
1029,DSC_0264.JPG,0,162,3191.500,2671.500
1030,DSC_0264.JPG,0,120,3063.500,2779.500
1031,DSC_0264.JPG,0,164,2947.500,2923.500
1032,DSC_0264.JPG,0,181,2851.500,2995.500
1033,DSC_0264.JPG,0,172,2723.500,3063.500
1034,DSC_0264.JPG,0,149,2747.500,2979.500
1035,DSC_0264.JPG,0,182,2827.500,3099.500
1036,DSC_0264.JPG,0,166,2979.500,3043.500
1037,DSC_0264.JPG,0,179,2879.500,2975.500
1038,DSC_0264.JPG,0,126,2823.500,2911.500
1039,DSC_0264.JPG,0,33,2655.500,2911.500
1040,DSC_0264.JPG,0,41,2547.500,2835.500
1041,DSC_0264.JPG,0,59,2475.500,2747.500
1042,DSC_0264.JPG,0,72,2491.500,2671.500
1043,DSC_0264.JPG,0,67,2643.500,2675.500
1044,DSC_0264.JPG,0,39,2715.500,2787.500
1045,DSC_0264.JPG,0,48,2643.500,2767.500
1046,DSC_0264.JPG,0,75,2235.500,2879.500
1047,DSC_0264.JPG,0,82,2203.500,2987.500
1048,DSC_0264.JPG,0,92,2227.500,3135.500
1049,DSC_0264.JPG,0,123,2299.500,3003.500
1050,DSC_0264.JPG,0,73,2183.500,3079.500
1051,DSC_0264.JPG,0,104,2471.500,3323.500
1052,DSC_0264.JPG,0,87,2555.500,3359.500
1053,DSC_0264.JPG,0,79,2639.500,3375.500
1054,DSC_0264.JPG,0,106,2583.500,3271.500
1055,DSC_0264.JPG,0,60,2543.500,3431.500
1056,DSC_0264.JPG,0,119,1895.500,2623.500
1057,DSC_0264.JPG,0,158,1911.500,2747.500
1058,DSC_0264.JPG,0,156,1955.500,2835.500
1059,DSC_0264.JPG,0,159,1991.500,2703.500
1060,DSC_0264.JPG,0,95,1827.500,2727.500
1061,DSC_0264.JPG,0,45,1535.500,2883.500
1062,DSC_0264.JPG,0,131,1607.500,3007.500
1063,DSC_0264.JPG,0,156,1675.500,3115.500
1064,DSC_0264.JPG,0,113,1703.500,2963.500
1065,DSC_0264.JPG,0,115,1527.500,3059.500
1066,DSC_0264.JPG,0,53,2003.500,3235.500
1067,DSC_0264.JPG,0,116,1963.500,3307.500
1068,DSC_0264.JPG,0,154,1915.500,3391.500
1069,DSC_0264.JPG,0,115,1871.500,3303.500
1070,DSC_0264.JPG,0,141,2023.500,3395.500
1071,DSC_0264.JPG,0,128,1171.500,3255.500
1072,DSC_0264.JPG,0,173,1279.500,3319.500
1073,DSC_0264.JPG,0,165,1439.500,3375.500
1074,DSC_0264.JPG,0,159,1363.500,3263.500
1075,DSC_0264.JPG,0,166,1307.500,3419.500
1076,DSC_0264.JPG,0,123,895.500,3127.500
1077,DSC_0264.JPG,0,107,1011.500,3071.500
1078,DSC_0264.JPG,0,64,1123.500,3063.500
1079,DSC_0264.JPG,0,79,951.500,3003.500
1080,DSC_0264.JPG,0,100,1023.500,3167.500
1081,DSC_0264.JPG,0,42,651.500,2671.500
1082,DSC_0264.JPG,0,87,707.500,2743.500
1083,DSC_0264.JPG,0,157,759.500,2831.500
1084,DSC_0264.JPG,0,86,783.500,2711.500
1085,0.299R+0.587G+0.114B,0,126,635.500,2823.500
